Corrections,Loss (dB),Fibre Length (km),Power (mW),Acquisition Time (s),Coincidence Window (ps),Brightness (cps),Heralding,Quantum Bit Error Rate,QX,Secure Key Rate (bps),Tstamp,exit_flag,angle,H1550,V1550,D1550,A1550,H780,V780,D780,A780,H1550H780,H1550V780,H1550D780,H1550A780,V1550H780,V1550V780,V1550D780,V1550A780,D1550H780,D1550V780,D1550D780,D1550A780,A1550H780,A1550V780,A1550D780,A1550A780
None,48.93,0.0,1.0,110.52651851028502,50,7.4280816139486205,0.0001164347910226197,0.1,0.015873015873015872,1.535420647153057,1728919427.9922159,None,0,39616878,37842228,40584821,31608319,50980,159856,43537,77856,146,14,38,75,7,43,59,41,82,52,93,3,44,31,0,93
None,48.93,0.0,1.0,110.52651851028502,60,8.866650403982518,0.0001389842816104352,0.10040160642570281,0.017391304347826087,1.7875213459298818,1728919431.2090242,None,0,39616878,37842228,40584821,31608319,50980,159856,43537,77856,167,17,48,89,8,57,75,47,96,60,116,3,52,34,1,110
None,48.93,0.0,1.0,110.52651851028502,70,10.088076735143376,0.00015813007550575026,0.09818181818181818,0.03076923076923077,1.707707522127142,1728919434.4339538,None,0,39616878,37842228,40584821,31608319,50980,159856,43537,77856,181,18,55,108,9,67,90,50,109,68,129,4,63,37,4,123
None,48.93,0.0,1.0,110.52651851028502,80,11.553788332536405,0.00018110502818012832,0.10158730158730159,0.025559105431309903,2.0472506186333304,1728919437.6603124,None,0,39616878,37842228,40584821,31608319,50980,159856,43537,77856,205,23,62,122,9,78,103,52,123,80,157,4,68,39,4,148
None,48.93,0.0,1.0,110.52651851028502,90,12.748071856338132,0.00019982535998888082,0.10601719197707736,0.023529411764705882,2.23978849475361,1728919440.8753698,None,0,39616878,37842228,40584821,31608319,50980,159856,43537,77856,227,25,73,132,12,85,113,65,127,86,170,4,76,48,4,162
None,48.93,0.0,1.0,110.52651851028502,100,14.005688597311163,0.00021953843666627928,0.10204081632653061,0.02168021680216802,2.6176285071799645,1728919444.0972958,None,0,39616878,37842228,40584821,31608319,50980,159856,43537,77856,256,28,81,142,12,96,125,71,130,93,181,4,88,57,4,180
None,48.93,0.0,1.0,110.52651851028502,110,15.064258084317238,0.000236131458042219,0.09738717339667459,0.020460358056265986,2.977634692093523,1728919447.3265367,None,0,39616878,37842228,40584821,31608319,50980,159856,43537,77856,275,29,85,160,12,105,129,81,141,104,192,4,93,60,4,191
None,48.93,0.0,1.0,110.52651851028502,120,16.358065235102444,0.0002564118175017009,0.1019522776572668,0.02386634844868735,2.9625739009753436,1728919450.563293,None,0,39616878,37842228,40584821,31608319,50980,159856,43537,77856,298,32,97,173,15,116,141,88,146,112,208,6,107,64,4,201
None,48.93,0.0,1.0,110.52651851028502,130,17.38949191474939,0.00027257937679107805,0.09631147540983606,0.024390243902439025,3.2812230440756873,1728919453.7926142,None,0,39616878,37842228,40584821,31608319,50980,159856,43537,77856,317,32,101,188,15,124,146,91,158,120,226,6,113,66,5,214
None,48.93,0.0,1.0,110.52651851028502,140,18.520442221379813,0.0002903069637311846,0.09423076923076923,0.025052192066805846,3.5246920062580482,1728919457.0164094,None,0,39616878,37842228,40584821,31608319,50980,159856,43537,77856,332,33,108,202,16,139,154,99,167,125,239,6,122,71,6,228
None,48.93,0.0,1.0,110.52651851028502,150,19.615202118198063,0.0003074672678892077,0.099644128113879,0.02574257425742574,3.526459658694619,1728919460.2513812,None,0,39616878,37842228,40584821,31608319,50980,159856,43537,77856,350,37,113,209,19,156,162,104,173,130,247,6,131,79,7,245
None,48.93,0.0,1.0,110.52651851028502,160,20.54710517086153,0.0003220747995278555,0.10068259385665529,0.027881040892193308,3.546357538083258,1728919463.5000315,None,0,39616878,37842228,40584821,31608319,50980,159856,43537,77856,361,37,120,215,22,166,170,108,183,132,265,8,137,82,7,258
None,48.93,0.0,1.0,110.52651851028502,170,21.39757980144761,0.0003354059449068156,0.09983633387888707,0.030141843971631204,3.599294710780888,1728919466.7458332,None,0,39616878,37842228,40584821,31608319,50980,159856,43537,77856,374,38,123,219,23,176,174,115,188,139,279,10,145,87,7,268
None,48.93,0.0,1.0,110.52651851028502,180,22.374720866376297,0.00035072258002306764,0.09828393135725429,0.02866779089376054,3.902170159304234,1728919469.9816208,None,0,39616878,37842228,40584821,31608319,50980,159856,43537,77856,384,40,133,225,23,194,179,119,196,145,295,10,153,89,7,281
None,48.93,0.0,1.0,110.52651851028502,190,22.99900543563629,0.0003605082080140064,0.09662576687116564,0.02800658978583196,4.111053127292561,1728919473.2139814,None,0,39616878,37842228,40584821,31608319,50980,159856,43537,77856,389,40,136,235,23,200,186,123,204,149,302,10,159,91,7,288
None,48.93,0.0,1.0,110.52651851028502,200,23.813289656410195,0.00037327207061088315,0.0943952802359882,0.027287319422150885,4.3867308487677255,1728919476.468336,None,0,39616878,37842228,40584821,31608319,50980,159856,43537,77856,400,41,140,240,23,214,195,125,210,156,310,10,163,102,7,296
None,48.93,0.0,1.0,110.52651851028502,210,24.537097852653666,0.00038461772625255134,0.09469153515064563,0.026153846153846153,4.580348687441739,1728919479.712968,None,0,39616878,37842228,40584821,31608319,50980,159856,43537,77856,406,43,147,242,23,225,198,127,214,162,327,10,167,108,7,306
None,48.93,0.0,1.0,110.52651851028502,220,25.11614440964844,0.00039369425076588586,0.09537166900420757,0.027190332326283987,4.593119420409721,1728919482.9479654,None,0,39616878,37842228,40584821,31608319,50980,159856,43537,77856,410,44,149,246,24,235,204,130,220,167,335,10,170,115,8,309
None,48.93,0.0,1.0,110.52651851028502,230,25.921381027969304,0.0004063162926672417,0.0989159891598916,0.027818448023426062,4.550750586847522,1728919486.1860418,None,0,39616878,37842228,40584821,31608319,50980,159856,43537,77856,416,47,154,252,26,249,208,136,223,174,344,11,175,122,8,320
None,48.93,0.0,1.0,110.52651851028502,240,26.58185600704147,0.0004166692034402639,0.09749670619235837,0.031654676258992806,4.470629300576345,1728919489.4221647,None,0,39616878,37842228,40584821,31608319,50980,159856,43537,77856,423,48,157,255,26,262,216,138,228,183,347,14,182,125,8,326
None,48.93,0.0,1.0,110.52651851028502,250,27.233283383660595,0.0004268802935177653,0.1,0.03089887640449438,4.522421208137983,1728919492.6640685,None,0,39616878,37842228,40584821,31608319,50980,159856,43537,77856,429,52,164,258,26,273,221,143,229,187,360,14,184,132,8,330
None,48.93,0.0,1.0,110.52651851028502,260,27.794234735749285,0.00043567317664005813,0.09949622166246852,0.03168044077134986,4.584005383374095,1728919495.902212,None,0,39616878,37842228,40584821,31608319,50980,159856,43537,77856,433,53,172,260,26,282,226,148,230,189,369,14,190,137,9,334
None,48.93,0.0,1.0,110.52651851028502,270,28.23756725594841,0.0004426223907205799,0.10049627791563276,0.032520325203252036,4.554089989016671,1728919499.1350832,None,0,39616878,37842228,40584821,31608319,50980,159856,43537,77856,436,54,172,264,27,289,230,151,232,192,374,15,194,142,9,340
None,48.93,0.0,1.0,110.52651851028502,280,28.680899776147537,0.0004495716048011016,0.1,0.03471295060080107,4.495759792673031,1728919502.3732493,None,0,39616878,37842228,40584821,31608319,50980,159856,43537,77856,438,55,178,267,27,300,235,151,235,193,377,15,195,147,11,346
None,48.93,0.0,1.0,110.52651851028502,290,29.187565513517967,0.0004575135637502694,0.1,0.04161248374512354,4.106212761248715,1728919505.6118753,None,0,39616878,37842228,40584821,31608319,50980,159856,43537,77856,439,56,182,270,27,308,241,154,236,196,386,20,199,149,12,351
None,48.93,0.0,1.0,110.52651851028502,300,29.504231599374485,0.0004624772880934992,0.09892729439809297,0.04258064516129032,4.1366748714469175,1728919508.8534968,None,0,39616878,37842228,40584821,31608319,50980,159856,43537,77856,439,56,185,271,27,317,245,155,236,199,387,20,202,154,13,355
None,48.93,0.0,1.0,110.52651851028502,310,29.91137370976144,0.0004688592193919375,0.09753231492361927,0.04358974358974359,4.192981578942236,1728919512.098557,None,0,39616878,37842228,40584821,31608319,50980,159856,43537,77856,442,56,188,273,27,326,253,156,240,200,388,21,206,159,13,358
None,48.93,0.0,1.0,110.52651851028502,320,30.200896988258826,0.0004733974816486048,0.0969626168224299,0.04430379746835443,4.213311439869157,1728919515.3311713,None,0,39616878,37842228,40584821,31608319,50980,159856,43537,77856,443,56,189,273,27,330,256,157,241,201,393,22,210,165,13,362
None,48.93,0.0,1.0,110.52651851028502,330,30.58994389373969,0.00047949577155600146,0.1010332950631458,0.04505632040050062,4.018360140168832,1728919518.574039,None,0,39616878,37842228,40584821,31608319,50980,159856,43537,77856,447,60,190,277,28,336,260,158,242,204,399,22,213,167,14,364
None,48.93,0.0,1.0,110.52651851028502,340,30.888514774690123,0.00048417585450818957,0.10294117647058823,0.046019900497512436,3.8997819005455345,1728919521.8133502,None,0,39616878,37842228,40584821,31608319,50980,159856,43537,77856,449,63,191,280,28,344,263,160,244,204,402,23,214,170,14,365
None,48.93,0.0,1.0,110.52651851028502,350,31.159942848281425,0.0004884304753738152,0.10414333706606943,0.04702970297029703,3.807176391940153,1728919525.0492098,None,0,39616878,37842228,40584821,31608319,50980,159856,43537,77856,450,65,193,283,28,350,264,161,246,205,404,24,216,175,14,366
None,48.93,0.0,1.0,110.52651851028502,360,31.422323319419682,0.0004925432755439198,0.10421286031042129,0.04920049200492005,3.6889732061786127,1728919528.2651181,None,0,39616878,37842228,40584821,31608319,50980,159856,43537,77856,452,65,194,285,29,356,267,162,247,207,405,26,217,179,14,368
None,48.93,0.0,1.0,110.52651851028502,370,31.612322970933594,0.0004955215101498578,0.10352422907488987,0.0488997555012225,3.7654497729020107,1728919531.4792995,None,0,39616878,37842228,40584821,31608319,50980,159856,43537,77856,452,65,196,286,29,362,269,162,247,210,410,26,218,180,14,368
None,48.93,0.0,1.0,110.52651851028502,380,31.90184624943098,0.0005000597724065251,0.10239651416122005,0.049878345498783457,3.7895149258367975,1728919534.7027986,None,0,39616878,37842228,40584821,31608319,50980,159856,43537,77856,452,65,198,286,29,372,271,164,248,215,412,26,219,185,15,369
None,48.93,0.0,1.0,110.52651851028502,390,32.09184590094489,0.0005030380070124629,0.10270270270270271,0.05078597339782346,3.734989351441784,1728919537.9101448,None,0,39616878,37842228,40584821,31608319,50980,159856,43537,77856,453,65,198,286,30,377,274,165,248,217,414,27,220,187,15,371
None,48.93,0.0,1.0,110.52651851028502,400,32.281845552458805,0.0005060162416184008,0.10515021459227468,0.05029940119760479,3.6675503559791767,1728919541.1271176,None,0,39616878,37842228,40584821,31608319,50980,159856,43537,77856,454,67,199,286,31,380,274,165,248,219,419,27,222,188,15,374
None,48.93,0.0,1.0,110.52651851028502,410,32.48089280642576,0.0005091362969198596,0.1071049840933192,0.05137395459976105,3.518874760891412,1728919544.353631,None,0,39616878,37842228,40584821,31608319,50980,159856,43537,77856,455,68,200,286,33,387,276,166,248,220,420,28,223,191,15,374
None,48.93,0.0,1.0,110.52651851028502,420,32.61660684322141,0.0005112636073526724,0.10842105263157895,0.05112960760998811,3.4849028244837936,1728919547.5723398,None,0,39616878,37842228,40584821,31608319,50980,159856,43537,77856,458,69,200,286,34,389,278,167,249,220,424,28,223,191,15,374
None,48.93,0.0,1.0,110.52651851028502,430,32.869939711906625,0.0005152345868272562,0.11169102296450939,0.054245283018867926,3.136456596812849,1728919550.788976,None,0,39616878,37842228,40584821,31608319,50980,159856,43537,77856,458,71,201,286,36,393,281,168,250,222,425,30,225,194,16,377
None,48.93,0.0,1.0,110.52651851028502,440,33.11422497813879,0.0005190637456063193,0.11053719008264463,0.05497076023391813,3.1676646217708395,1728919554.0125487,None,0,39616878,37842228,40584821,31608319,50980,159856,43537,77856,458,71,202,286,36,403,284,169,251,225,428,30,226,194,17,380
None,48.93,0.0,1.0,110.52651851028502,450,33.31327223210575,0.000522183800907778,0.11088295687885011,0.05587892898719441,3.107507628338796,1728919557.2453837,None,0,39616878,37842228,40584821,31608319,50980,159856,43537,77856,459,72,204,286,36,407,287,169,251,227,430,31,226,199,17,381
None,48.93,0.0,1.0,110.52651851028502,460,33.52136708852575,0.0005254456769047577,0.1109979633401222,0.0568445475638051,3.0553342337149023,1728919560.4815998,None,0,39616878,37842228,40584821,31608319,50980,159856,43537,77856,462,73,204,288,36,411,289,169,251,230,431,32,227,203,17,382
None,48.93,0.0,1.0,110.52651851028502,470,33.693271535133576,0.0005281402701196538,0.11278952668680765,0.057736720554272515,2.9200721786734705,1728919563.7140853,None,0,39616878,37842228,40584821,31608319,50980,159856,43537,77856,465,76,204,288,36,416,289,169,251,232,433,33,227,205,17,383
None,48.93,0.0,1.0,110.52651851028502,480,33.85612837928835,0.0005306930426390291,0.115,0.05767012687427912,2.8279759776879585,1728919566.941634,None,0,39616878,37842228,40584821,31608319,50980,159856,43537,77856,467,79,204,291,36,418,290,169,251,234,433,33,230,206,17,384
None,48.93,0.0,1.0,110.52651851028502,490,33.973747211177916,0.0005325367116808002,0.11641791044776119,0.05753739930955121,2.7762228208014137,1728919570.1751175,None,0,39616878,37842228,40584821,31608319,50980,159856,43537,77856,468,81,204,292,36,420,290,170,251,236,434,33,230,208,17,385
None,48.93,0.0,1.0,110.52651851028502,500,34.12755645287965,0.0005349476635046547,0.11805555555555555,0.058486238532110095,2.6422922402833664,1728919573.4078758,None,0,39616878,37842228,40584821,31608319,50980,159856,43537,77856,468,83,205,295,36,421,290,172,252,239,435,33,230,209,18,386
None,48.93,0.0,1.0,110.52651851028502,510,34.28136569458139,0.0005373586153285092,0.12106299212598425,0.058419243986254296,2.5103149273873937,1728919576.6348438,None,0,39616878,37842228,40584821,31608319,50980,159856,43537,77856,469,86,206,295,37,424,292,173,253,240,435,33,230,211,18,387
None,48.93,0.0,1.0,110.52651851028502,520,34.37184171911183,0.0005387768222837177,0.12254901960784313,0.059496567505720827,2.370160904971615,1728919579.8962991,None,0,39616878,37842228,40584821,31608319,50980,159856,43537,77856,469,88,206,295,37,426,295,173,253,240,435,33,231,212,19,387
None,48.93,0.0,1.0,110.52651851028502,530,34.507555755907475,0.0005409041327165305,0.1248780487804878,0.06043329532497149,2.201848997507728,1728919583.1338637,None,0,39616878,37842228,40584821,31608319,50980,159856,43537,77856,470,91,208,296,37,427,295,174,254,240,436,34,231,214,19,388
None,48.93,0.0,1.0,110.52651851028502,540,34.66136499760921,0.0005433150845403849,0.12524271844660195,0.060158910329171394,2.212766588888589,1728919586.3607001,None,0,39616878,37842228,40584821,31608319,50980,159856,43537,77856,471,92,209,297,37,430,296,175,255,240,437,34,231,217,19,391
None,48.93,0.0,1.0,110.52651851028502,550,34.78803143195182,0.0005453005742776769,0.12548262548262548,0.06221719457013575,2.0681136727518625,1728919589.5963676,None,0,39616878,37842228,40584821,31608319,50980,159856,43537,77856,473,93,209,297,37,433,296,175,256,242,437,35,231,219,20,392
None,48.93,0.0,1.0,110.52651851028502,560,34.91469786629443,0.0005472860640149688,0.12692307692307692,0.06426155580608793,1.8666563745764373,1728919592.851287,None,0,39616878,37842228,40584821,31608319,50980,159856,43537,77856,473,94,210,297,38,435,297,177,256,244,438,37,231,220,20,392
None,48.93,0.0,1.0,110.52651851028502,570,35.05041190309008,0.0005494133744477816,0.12739463601532566,0.06629213483146068,1.7142954371526113,1728919596.0683339,None,0,39616878,37842228,40584821,31608319,50980,159856,43537,77856,474,95,211,298,38,437,298,177,256,246,438,39,233,221,20,393
None,48.93,0.0,1.0,110.52651851028502,580,35.17707833743269,0.0005513988641850736,0.12964728312678742,0.0671892497200448,1.5510295070258033,1728919599.2983255,None,0,39616878,37842228,40584821,31608319,50980,159856,43537,77856,475,98,211,298,38,438,300,177,256,248,438,39,234,222,21,395
None,48.93,0.0,1.0,110.52651851028502,590,35.30374477177529,0.0005533843539223655,0.13022813688212928,0.06911928651059086,1.3999365999531024,1728919602.5521212,None,0,39616878,37842228,40584821,31608319,50980,159856,43537,77856,476,99,212,299,38,439,302,177,257,248,439,40,234,224,22,396
None,48.93,0.0,1.0,110.52651851028502,600,35.41231600121181,0.0005550862022686157,0.12936732766761094,0.06904231625835189,1.4511953027018218,1728919605.7923002,None,0,39616878,37842228,40584821,31608319,50980,159856,43537,77856,478,99,213,299,38,444,304,177,257,249,439,40,234,224,22,397
None,48.93,0.0,1.0,110.52651851028502,610,35.56612524291355,0.0005574971540924702,0.13157894736842105,0.06896551724137931,1.3550007368631192,1728919609.0061991,None,0,39616878,37842228,40584821,31608319,50980,159856,43537,77856,479,101,214,299,39,445,305,178,258,253,439,40,235,226,22,398
None,48.93,0.0,1.0,110.52651851028502,620,35.66564886989703,0.0005590571817431995,0.13246268656716417,0.06881243063263041,1.3262306831482384,1728919612.2813103,None,0,39616878,37842228,40584821,31608319,50980,159856,43537,77856,480,102,214,299,40,450,305,178,258,254,439,40,235,226,22,400
None,48.93,0.0,1.0,110.52651851028502,630,35.738029689521376,0.0005601917473073664,0.13395348837209303,0.06984478935698447,1.1878254591814497,1728919615.5168934,None,0,39616878,37842228,40584821,31608319,50980,159856,43537,77856,480,104,214,299,40,451,305,178,259,254,439,40,236,228,23,400
None,48.93,0.0,1.0,110.52651851028502,640,35.81945811159877,0.0005614681335670541,0.1345083487940631,0.07087486157253599,1.0951086170516817,1728919618.7689517,None,0,39616878,37842228,40584821,31608319,50980,159856,43537,77856,480,104,214,299,41,453,305,178,259,257,439,41,237,229,23,400
None,48.93,0.0,1.0,110.52651851028502,650,35.882791328770075,0.0005624608784357,0.13585951940850277,0.07190265486725664,0.9638853664575925,1728919622.0145843,None,0,39616878,37842228,40584821,31608319,50980,159856,43537,77856,480,105,214,299,42,455,305,178,259,257,439,42,238,230,23,400
None,48.93,0.0,1.0,110.52651851028502,660,36.01850536556572,0.0005645881888685128,0.13590449954086317,0.0717439293598234,0.9759223100274551,1728919625.235106,None,0,39616878,37842228,40584821,31608319,50980,159856,43537,77856,481,105,214,299,43,460,305,179,260,259,439,42,238,232,23,402
None,48.93,0.0,1.0,110.52651851028502,670,36.09993378764311,0.0005658645751282005,0.13748854262144822,0.07276736493936053,0.8340777732245047,1728919628.4650111,None,0,39616878,37842228,40584821,31608319,50980,159856,43537,77856,481,106,215,299,44,460,305,179,260,261,439,42,241,232,24,402
None,48.93,0.0,1.0,110.52651851028502,680,36.20850501707963,0.0005675664234744507,0.13815187557182068,0.07464324917672886,0.6808035408759435,1728919631.6914234,None,0,39616878,37842228,40584821,31608319,50980,159856,43537,77856,481,107,217,299,44,461,305,180,260,262,440,44,242,233,24,403
None,48.93,0.0,1.0,110.52651851028502,690,36.33517145142224,0.0005695519132117426,0.1409090909090909,0.07768052516411379,0.3530348442908879,1728919634.8970788,None,0,39616878,37842228,40584821,31608319,50980,159856,43537,77856,481,110,217,300,45,464,305,180,260,265,440,45,242,233,26,403
None,48.93,0.0,1.0,110.52651851028502,700,36.416599873499635,0.0005708282994714303,0.1424682395644283,0.07969432314410481,0.14989457607101786,1728919638.1527672,None,0,39616878,37842228,40584821,31608319,50980,159856,43537,77856,481,112,218,301,45,464,305,180,261,266,440,47,242,234,26,403
None,48.93,0.0,1.0,110.52651851028502,710,36.51612350048311,0.0005723883271221597,0.1429864253393665,0.08061002178649238,0.06697291620435172,1728919641.382356,None,0,39616878,37842228,40584821,31608319,50980,159856,43537,77856,481,113,218,301,45,466,307,182,262,266,441,47,242,235,27,403
None,48.93,0.0,1.0,110.52651851028502,720,36.62469472991963,0.00057409017546841,0.1442741208295762,0.08152173913043478,-0.05205073014086212,1728919644.6076314,None,0,39616878,37842228,40584821,31608319,50980,159856,43537,77856,481,114,218,302,46,468,308,184,263,267,442,48,242,235,27,403
None,48.93,0.0,1.0,110.52651851028502,730,36.751361164262235,0.0005760756652057018,0.144524236983842,0.08143322475570032,-0.05834384555405051,1728919647.9123497,None,0,39616878,37842228,40584821,31608319,50980,159856,43537,77856,481,115,218,302,46,472,309,185,263,269,442,48,243,238,27,404
None,48.93,0.0,1.0,110.52651851028502,740,36.859932393698756,0.0005777775135519521,0.14579606440071557,0.08216216216216216,-0.1653433684551098,1728919651.3238683,None,0,39616878,37842228,40584821,31608319,50980,159856,43537,77856,481,117,218,302,46,474,309,187,263,269,443,49,245,238,27,406
None,48.93,0.0,1.0,110.52651851028502,750,37.004694032947455,0.0005800466446802857,0.1483126110124334,0.08405172413793104,-0.40517674907824897,1728919654.5850284,None,0,39616878,37842228,40584821,31608319,50980,159856,43537,77856,483,120,219,302,47,476,309,188,263,270,444,50,247,238,28,406
None,48.93,0.0,1.0,110.52651851028502,760,37.06802725011875,0.0005810393895489317,0.149822695035461,0.08405172413793104,-0.47620617127140125,1728919657.828486,None,0,39616878,37842228,40584821,31608319,50980,159856,43537,77856,483,122,219,302,47,476,310,188,264,271,444,50,247,240,28,406
None,48.93,0.0,1.0,110.52651851028502,770,37.15850327464919,0.0005824575965041402,0.15092674315975288,0.08396124865446716,-0.5228200411440728,1728919661.0565264,None,0,39616878,37842228,40584821,31608319,50980,159856,43537,77856,484,123,219,303,48,478,310,188,264,272,444,50,248,241,28,407
None,48.93,0.0,1.0,110.52651851028502,780,37.23993169672658,0.0005837339827638279,0.15066079295154186,0.08378088077336197,-0.5000334775884733,1728919664.2947102,None,0,39616878,37842228,40584821,31608319,50980,159856,43537,77856,484,123,219,305,48,480,310,190,264,272,444,50,248,242,28,409
None,48.93,0.0,1.0,110.52651851028502,790,37.3485029261631,0.0005854358311100781,0.15013169446883232,0.0857449088960343,-0.60270884478919,1728919667.5202093,None,0,39616878,37842228,40584821,31608319,50980,159856,43537,77856,484,123,221,305,48,484,311,190,265,273,444,52,248,243,28,409
None,48.93,0.0,1.0,110.52651851028502,800,37.429931348240494,0.0005867122173697657,0.15122377622377622,0.08663101604278074,-0.7115023015095631,1728919670.754018,None,0,39616878,37842228,40584821,31608319,50980,159856,43537,77856,484,125,221,305,48,487,311,190,265,273,445,52,248,245,29,409
None,48.93,0.0,1.0,110.52651851028502,810,37.47516936050571,0.00058742132084737,0.15170008718395817,0.08751334044823907,-0.790599091029519,1728919673.9869566,None,0,39616878,37842228,40584821,31608319,50980,159856,43537,77856,484,125,221,305,49,489,311,190,265,273,445,53,248,245,29,410
None,48.93,0.0,1.0,110.52651851028502,820,37.538502577677015,0.000588414065716016,0.15156794425087108,0.08742004264392324,-0.7798499014133522,1728919677.2158248,None,0,39616878,37842228,40584821,31608319,50980,159856,43537,77856,484,125,221,307,49,490,311,190,265,273,445,53,249,247,29,411
None,48.93,0.0,1.0,110.52651851028502,830,37.61088339730136,0.0005895486312801828,0.1514360313315927,0.08732694355697551,-0.7692617426396918,1728919680.4451604,None,0,39616878,37842228,40584821,31608319,50980,159856,43537,77856,485,125,221,307,49,490,311,190,266,276,445,53,249,249,29,412
None,48.93,0.0,1.0,110.52651851028502,840,37.71945462673788,0.0005912504796264331,0.1519097222222222,0.08820403825717323,-0.8495434557977479,1728919683.7176402,None,0,39616878,37842228,40584821,31608319,50980,159856,43537,77856,485,126,221,308,49,492,311,191,266,279,446,53,250,250,30,412
None,48.93,0.0,1.0,110.52651851028502,850,37.80088304881527,0.0005925268658861207,0.15384615384615385,0.08917197452229299,-1.0032754126483172,1728919686.9411647,None,0,39616878,37842228,40584821,31608319,50980,159856,43537,77856,485,129,221,308,49,494,311,191,266,282,446,54,250,250,30,412
None,48.93,0.0,1.0,110.52651851028502,860,37.86421626598657,0.0005935196107547667,0.15676141257536608,0.08917197452229299,-1.13981025691842,1728919690.1598206,None,0,39616878,37842228,40584821,31608319,50980,159856,43537,77856,485,133,222,308,49,494,311,191,266,283,446,54,250,251,30,412
None,48.93,0.0,1.0,110.52651851028502,870,37.95469229051701,0.0005949378177099752,0.15766923736075408,0.09110169491525423,-1.3064164149965916,1728919693.3787057,None,0,39616878,37842228,40584821,31608319,50980,159856,43537,77856,487,134,222,309,50,496,311,191,267,283,446,55,250,251,31,412
None,48.93,0.0,1.0,110.52651851028502,880,38.054215917500485,0.0005964978453607046,0.15911035072711718,0.0908130939809926,-1.3576790672387395,1728919696.595201,None,0,39616878,37842228,40584821,31608319,50980,159856,43537,77856,487,136,224,310,50,496,311,191,268,284,449,55,250,252,31,412
None,48.93,0.0,1.0,110.52651851028502,890,38.14469194203092,0.0005979160523159131,0.1596925704526046,0.09272918861959958,-1.5083947639511408,1728919699.8119323,None,0,39616878,37842228,40584821,31608319,50980,159856,43537,77856,487,137,224,312,50,497,312,191,269,284,449,56,251,253,32,412
None,48.93,0.0,1.0,110.52651851028502,900,38.24421556901439,0.0005994760799666425,0.16115351993214588,0.09368421052631579,-1.6389775525585328,1728919703.024303,None,0,39616878,37842228,40584821,31608319,50980,159856,43537,77856,489,139,224,313,51,500,312,191,269,284,449,57,251,254,32,412
None,48.93,0.0,1.0,110.52651851028502,910,38.298501183732654,0.0006003270041397676,0.16159052453468697,0.0946372239747634,-1.7208048439978751,1728919706.2452707,None,0,39616878,37842228,40584821,31608319,50980,159856,43537,77856,491,140,224,315,51,500,312,191,269,284,449,57,251,254,33,412
None,48.93,0.0,1.0,110.52651851028502,920,38.36183440090396,0.0006013197490084136,0.16371308016877636,0.09453781512605042,-1.8136832305626154,1728919709.461533,None,0,39616878,37842228,40584821,31608319,50980,159856,43537,77856,491,142,224,315,52,500,312,192,269,286,450,57,251,254,33,412
None,48.93,0.0,1.0,110.52651851028502,930,38.47040563034048,0.0006030215973546638,0.16638655462184873,0.09643605870020965,-2.0575296777479166,1728919712.6782053,None,0,39616878,37842228,40584821,31608319,50980,159856,43537,77856,492,145,224,317,53,500,312,192,270,288,450,59,251,254,33,412
None,48.93,0.0,1.0,110.52651851028502,940,38.515643642605696,0.000603730700832268,0.1670864819479429,0.09728033472803348,-2.1436069935564626,1728919715.9386778,None,0,39616878,37842228,40584821,31608319,50980,159856,43537,77856,492,146,224,317,53,500,312,192,270,289,450,60,251,255,33,413
None,48.93,0.0,1.0,110.52651851028502,950,38.606119667136134,0.0006051489077874766,0.1670864819479429,0.09885535900104059,-2.2459673418221686,1728919719.1803093,None,0,39616878,37842228,40584821,31608319,50980,159856,43537,77856,492,146,224,319,53,500,312,193,270,291,453,62,251,255,33,413
None,48.93,0.0,1.0,110.52651851028502,960,38.63326247449526,0.0006055743698740392,0.16680637049455155,0.09885535900104059,-2.234998615557871,1728919722.4899728,None,0,39616878,37842228,40584821,31608319,50980,159856,43537,77856,493,146,224,319,53,501,312,193,270,291,453,62,251,256,33,413
None,48.93,0.0,1.0,110.52651851028502,970,38.72373849902569,0.0006069925768292477,0.1688963210702341,0.0997920997920998,-2.3913846538553267,1728919725.724561,None,0,39616878,37842228,40584821,31608319,50980,159856,43537,77856,493,148,224,323,54,501,312,195,270,291,453,63,251,256,33,413
None,48.93,0.0,1.0,110.52651851028502,980,38.832309728462214,0.0006086944251754979,0.16902581182348042,0.1016597510373444,-2.5183975615272995,1728919728.9607654,None,0,39616878,37842228,40584821,31608319,50980,159856,43537,77856,495,149,225,324,54,503,312,196,270,291,453,65,251,258,33,413
None,48.93,0.0,1.0,110.52651851028502,990,38.90469054808656,0.0006098289907396647,0.16874480465502908,0.10351966873706005,-2.623727657342498,1728919732.209651,None,0,39616878,37842228,40584821,31608319,50980,159856,43537,77856,495,149,225,324,54,505,313,196,271,293,453,66,251,258,34,413
None,48.93,0.0,1.0,110.52651851028502,1000,38.96802376525787,0.0006108217356083107,0.16943521594684385,0.1042311661506708,-2.701994132648924,1728919735.4594717,None,0,39616878,37842228,40584821,31608319,50980,159856,43537,77856,495,149,225,326,55,505,313,196,271,294,454,67,251,258,34,414
None,48.93,0.0,1.0,110.52651851028502,1010,39.07659499469439,0.0006125235839545608,0.16984258492129245,0.10596707818930041,-2.832561824175927,1728919738.803788,None,0,39616878,37842228,40584821,31608319,50980,159856,43537,77856,495,150,226,326,55,507,314,196,271,295,455,69,252,260,34,414
None,48.93,0.0,1.0,110.52651851028502,1020,39.176118621677865,0.0006140836116052903,0.1717588769611891,0.10596707818930041,-2.9253370502554543,1728919742.044218,None,0,39616878,37842228,40584821,31608319,50980,159856,43537,77856,495,153,226,326,55,508,314,198,272,297,455,69,252,262,34,414
None,48.93,0.0,1.0,110.52651851028502,1030,39.27564224866134,0.0006156436392560197,0.17269736842105263,0.1076923076923077,-3.078306113097291,1728919745.2724972,None,0,39616878,37842228,40584821,31608319,50980,159856,43537,77856,496,155,226,327,55,510,314,198,272,298,456,71,252,263,34,414
None,48.93,0.0,1.0,110.52651851028502,1040,39.357070670738736,0.0006169200255157074,0.17391304347826086,0.11031664964249234,-3.295144941031757,1728919748.5148866,None,0,39616878,37842228,40584821,31608319,50980,159856,43537,77856,497,157,226,327,55,510,314,198,272,298,456,73,252,265,35,415
None,48.93,0.0,1.0,110.52651851028502,1050,39.42945149036308,0.0006180545910798741,0.17647058823529413,0.11031664964249234,-3.413903400714814,1728919751.7447453,None,0,39616878,37842228,40584821,31608319,50980,159856,43537,77856,497,160,226,327,56,511,315,198,272,299,456,73,252,266,35,415
None,48.93,0.0,1.0,110.52651851028502,1060,39.50183230998743,0.000619189156644041,0.1761827079934747,0.109979633401222,-3.387462761991855,1728919754.9834626,None,0,39616878,37842228,40584821,31608319,50980,159856,43537,77856,498,160,226,328,56,512,315,199,272,300,457,73,252,266,35,417
None,48.93,0.0,1.0,110.52651851028502,1070,39.56516552715873,0.0006201819015126869,0.17603911980440098,0.11077235772357724,-3.433786254793328,1728919758.2084064,None,0,39616878,37842228,40584821,31608319,50980,159856,43537,77856,498,160,226,328,56,513,315,199,273,301,457,74,252,268,35,418
None,48.93,0.0,1.0,110.52651851028502,1080,39.64659394923612,0.0006214582877723746,0.17694805194805194,0.1116751269035533,-3.5345505502952457,1728919761.447087,None,0,39616878,37842228,40584821,31608319,50980,159856,43537,77856,499,162,227,328,56,515,315,201,273,301,457,75,252,268,35,418
None,48.93,0.0,1.0,110.52651851028502,1090,39.73706997376655,0.0006228764947275831,0.17761557177615572,0.11257606490872211,-3.6254216215387514,1728919764.6825812,None,0,39616878,37842228,40584821,31608319,50980,159856,43537,77856,499,163,228,328,56,515,316,201,273,305,457,76,253,269,35,418
None,48.93,0.0,1.0,110.52651851028502,1100,39.8094507933909,0.0006240110602917499,0.1779935275080906,0.11324570273003033,-3.6882842071979502,1728919767.8974118,None,0,39616878,37842228,40584821,31608319,50980,159856,43537,77856,500,164,228,328,56,516,317,201,273,306,457,77,253,269,35,420
None,48.93,0.0,1.0,110.52651851028502,1110,39.93611722773351,0.0006259965500290418,0.1780821917808219,0.11379657603222558,-3.7365428579060755,1728919771.1221128,None,0,39616878,37842228,40584821,31608319,50980,159856,43537,77856,502,165,228,328,56,518,317,202,274,307,458,78,254,270,35,422
None,48.93,0.0,1.0,110.52651851028502,1120,40.008498047357854,0.0006271311155932087,0.178743961352657,0.1135678391959799,-3.758924345436112,1728919774.3619077,None,0,39616878,37842228,40584821,31608319,50980,159856,43537,77856,502,166,228,329,56,518,317,203,274,308,459,78,254,272,35,423
None,48.93,0.0,1.0,110.52651851028502,1130,40.062783662076114,0.0006279820397663338,0.17860016090104586,0.11434302908726178,-3.8036320245039583,1728919777.586741,None,0,39616878,37842228,40584821,31608319,50980,159856,43537,77856,502,166,228,330,56,519,317,204,274,309,459,78,254,272,36,424
None,48.93,0.0,1.0,110.52651851028502,1140,40.10802167434133,0.000628691143243938,0.18057784911717495,0.11434302908726178,-3.8948493021387978,1728919780.8110952,None,0,39616878,37842228,40584821,31608319,50980,159856,43537,77856,502,166,228,330,59,519,317,204,275,310,459,78,254,272,36,424
None,48.93,0.0,1.0,110.52651851028502,1150,40.171354891512635,0.000629683888112584,0.18123496391339214,0.11411411411411411,-3.916169554578506,1728919784.0629208,None,0,39616878,37842228,40584821,31608319,50980,159856,43537,77856,502,167,228,330,59,519,317,205,275,313,459,78,254,272,36,426
None,48.93,0.0,1.0,110.52651851028502,1160,40.25278331359003,0.0006309602743722717,0.18094475580464373,0.114,-3.904599815735019,1728919787.2674835,None,0,39616878,37842228,40584821,31608319,50980,159856,43537,77856,503,167,228,331,59,520,318,206,276,315,460,78,254,272,36,426
None,48.93,0.0,1.0,110.52651851028502,1170,40.33421173566742,0.0006322366606319593,0.18210862619808307,0.11377245508982035,-3.949914494807748,1728919790.502989,None,0,39616878,37842228,40584821,31608319,50980,159856,43537,77856,504,169,229,331,59,520,319,207,277,315,460,78,254,272,36,428
None,48.93,0.0,1.0,110.52651851028502,1180,40.406592555291766,0.0006333712261961262,0.18312101910828024,0.11377245508982035,-4.001227941170957,1728919793.7540605,None,0,39616878,37842228,40584821,31608319,50980,159856,43537,77856,504,171,229,332,59,522,319,207,277,316,460,78,254,274,36,428
None,48.93,0.0,1.0,110.52651851028502,1190,40.51516378472829,0.0006350730745423764,0.18398096748612214,0.1145418326693227,-4.095560505177615,1728919796.9983408,None,0,39616878,37842228,40584821,31608319,50980,159856,43537,77856,504,172,230,332,60,525,320,207,277,318,461,79,254,275,36,428
None,48.93,0.0,1.0,110.52651851028502,1200,40.60563980925872,0.0006364912814975849,0.1848341232227488,0.1145418326693227,-4.141860179531709,1728919800.4363136,None,0,39616878,37842228,40584821,31608319,50980,159856,43537,77856,505,174,231,333,60,527,320,208,277,319,461,79,254,276,36,428
None,48.93,0.0,1.0,110.52651851028502,1210,40.705163436242195,0.0006380513091483143,0.18518518518518517,0.11630218687872763,-4.272561268230236,1728919803.7395344,None,0,39616878,37842228,40584821,31608319,50980,159856,43537,77856,507,174,231,333,61,527,320,209,280,320,461,80,254,277,37,428
None,48.93,0.0,1.0,110.52651851028502,1220,40.795639460772634,0.0006394695161035228,0.18509803921568627,0.11630218687872763,-4.278257618421434,1728919807.0648766,None,0,39616878,37842228,40584821,31608319,50980,159856,43537,77856,508,175,231,334,61,531,320,209,280,320,461,80,254,280,37,428
None,48.93,0.0,1.0,110.52651851028502,1230,40.87706788285002,0.0006407459023632105,0.18509803921568627,0.11607142857142858,-4.2729908713341995,1728919810.2907312,None,0,39616878,37842228,40584821,31608319,50980,159856,43537,77856,508,175,231,334,61,531,322,209,283,322,462,80,254,280,37,429
None,48.93,0.0,1.0,110.52651851028502,1240,40.9765915098335,0.0006423059300139399,0.18451915559030493,0.11694747274529237,-4.310459886315188,1728919813.512469,None,0,39616878,37842228,40584821,31608319,50980,159856,43537,77856,510,175,231,336,61,533,323,209,285,323,462,80,254,280,38,429
None,48.93,0.0,1.0,110.52651851028502,1250,41.05801993191089,0.0006435823162736275,0.1856474258970359,0.11869436201780416,-4.472718172284216,1728919816.775477,None,0,39616878,37842228,40584821,31608319,50980,159856,43537,77856,510,175,232,339,63,534,323,209,285,323,462,82,254,280,38,429
None,48.93,0.0,1.0,110.52651851028502,1260,41.14849595644132,0.0006450005232288361,0.1864801864801865,0.11857707509881422,-4.512071866530807,1728919820.0057364,None,0,39616878,37842228,40584821,31608319,50980,159856,43537,77856,511,175,232,340,65,536,323,209,286,324,463,82,254,281,38,429
None,48.93,0.0,1.0,110.52651851028502,1270,41.257067185877844,0.0006467023715750863,0.18745158791634392,0.11909448818897637,-4.597320805496701,1728919823.2544696,None,0,39616878,37842228,40584821,31608319,50980,159856,43537,77856,512,177,232,342,65,537,323,209,286,325,463,83,254,282,38,432
None,48.93,0.0,1.0,110.52651851028502,1280,41.33849560795523,0.0006479787578347739,0.18841698841698842,0.119960668633235,-4.700103232351901,1728919826.5967147,None,0,39616878,37842228,40584821,31608319,50980,159856,43537,77856,513,178,233,342,66,538,323,210,286,326,463,84,254,283,38,432
None,48.93,0.0,1.0,110.52651851028502,1290,41.42897163248567,0.0006493969647899825,0.18985395849346656,0.11984282907662082,-4.765880474920004,1728919829.8314462,None,0,39616878,37842228,40584821,31608319,50980,159856,43537,77856,513,181,233,343,66,541,323,210,286,327,463,84,255,283,38,433
None,48.93,0.0,1.0,110.52651851028502,1300,41.51040005456306,0.0006506733510496702,0.1901840490797546,0.12144955925563174,-4.885142971506852,1728919833.055575,None,0,39616878,37842228,40584821,31608319,50980,159856,43537,77856,513,181,233,343,67,543,323,210,286,329,463,86,255,284,38,434
None,48.93,0.0,1.0,110.52651851028502,1310,41.58278087418741,0.0006518079166138369,0.18989280245022971,0.12133072407045009,-4.873940399879673,1728919836.2794461,None,0,39616878,37842228,40584821,31608319,50980,159856,43537,77856,513,181,233,344,67,545,323,210,286,331,464,86,257,284,38,434
None,48.93,0.0,1.0,110.52651851028502,1320,41.68230450117088,0.0006533679442645664,0.19083969465648856,0.12121212121212122,-4.919758189218478,1728919839.5131502,None,0,39616878,37842228,40584821,31608319,50980,159856,43537,77856,513,183,233,344,67,547,324,211,287,334,464,86,257,284,38,435
None,48.93,0.0,1.0,110.52651851028502,1330,41.74563771834219,0.0006543606891332123,0.19268849961919268,0.12109375,-5.000261195555502,1728919842.729198,None,0,39616878,37842228,40584821,31608319,50980,159856,43537,77856,513,186,233,344,67,547,325,211,287,335,464,86,258,284,38,436
None,48.93,0.0,1.0,110.52651851028502,1340,41.87230415268479,0.0006563461788705043,0.19499241274658574,0.12171372930866602,-5.151677241800001,1728919845.939088,None,0,39616878,37842228,40584821,31608319,50980,159856,43537,77856,513,189,235,344,68,548,326,211,287,336,466,87,258,286,38,436
None,48.93,0.0,1.0,110.52651851028502,1350,41.94468497230914,0.000657480744434671,0.19622641509433963,0.122568093385214,-5.264360251852671,1728919849.1506143,None,0,39616878,37842228,40584821,31608319,50980,159856,43537,77856,515,191,235,344,69,550,326,211,287,336,466,88,258,286,38,436
None,48.93,0.0,1.0,110.52651851028502,1360,42.07135140665175,0.000659466234171963,0.20074906367041198,0.12244897959183673,-5.464718220796195,1728919852.3764343,None,0,39616878,37842228,40584821,31608319,50980,159856,43537,77856,516,198,235,344,70,551,326,211,287,337,466,88,258,288,38,437
None,48.93,0.0,1.0,110.52651851028502,1370,42.15277982872914,0.0006607426204316507,0.2007462686567164,0.12244897959183673,-5.475177673758677,1728919855.5969958,None,0,39616878,37842228,40584821,31608319,50980,159856,43537,77856,516,199,236,344,70,555,326,211,288,339,466,88,258,288,38,437
None,48.93,0.0,1.0,110.52651851028502,1380,42.188970238541316,0.0006613099032137341,0.20134228187919462,0.12244897959183673,-5.5049054427074005,1728919858.8159544,None,0,39616878,37842228,40584821,31608319,50980,159856,43537,77856,516,200,237,345,70,555,326,211,288,340,466,88,258,288,38,437
None,48.93,0.0,1.0,110.52651851028502,1390,42.2703986606187,0.0006625862894734217,0.20297397769516728,0.12221144519883609,-5.5695622587551705,1728919862.0333858,None,0,39616878,37842228,40584821,31608319,50980,159856,43537,77856,517,201,237,345,72,555,326,211,288,341,468,88,260,288,38,437
None,48.93,0.0,1.0,110.52651851028502,1400,42.39706509496131,0.0006645717792107136,0.20459599703484063,0.12355212355212356,-5.734441864489255,1728919865.248992,None,0,39616878,37842228,40584821,31608319,50980,159856,43537,77856,517,204,237,346,72,556,326,212,288,344,470,90,260,288,38,438
None,48.93,0.0,1.0,110.52651851028502,1410,42.4784935170387,0.0006658481654704013,0.20546932742054694,0.12355212355212356,-5.781719371636254,1728919868.4825914,None,0,39616878,37842228,40584821,31608319,50980,159856,43537,77856,517,206,237,346,72,558,327,212,288,348,470,90,260,288,38,438
None,48.93,0.0,1.0,110.52651851028502,1420,42.614207553834355,0.0006679754759032141,0.20633750921149593,0.12415784408084697,-5.872642068369074,1728919871.720034,None,0,39616878,37842228,40584821,31608319,50980,159856,43537,77856,517,208,237,346,72,560,328,214,289,352,471,90,260,288,39,439
None,48.93,0.0,1.0,110.52651851028502,1430,42.722778783270876,0.0006696773242494643,0.20633750921149593,0.125,-5.938207573839556,1728919874.9576247,None,0,39616878,37842228,40584821,31608319,50980,159856,43537,77856,517,208,237,349,72,560,329,215,290,354,471,90,261,290,40,439
None,48.93,0.0,1.0,110.52651851028502,1440,42.76801679553609,0.0006703864277270686,0.20618556701030927,0.12487992315081652,-5.930967907054315,1728919878.1858869,None,0,39616878,37842228,40584821,31608319,50980,159856,43537,77856,517,208,237,350,72,561,329,215,291,354,472,90,261,291,40,439
None,48.93,0.0,1.0,110.52651851028502,1450,42.84944521761348,0.0006716628139867563,0.20793534166054373,0.12655800575263662,-6.115472977153743,1728919881.4008856,None,0,39616878,37842228,40584821,31608319,50980,159856,43537,77856,517,210,237,350,73,561,329,216,291,356,472,91,261,292,41,439
None,48.93,0.0,1.0,110.52651851028502,1460,42.95801644705,0.0006733646623330064,0.20937042459736457,0.12655800575263662,-6.190249544876116,1728919884.618868,None,0,39616878,37842228,40584821,31608319,50980,159856,43537,77856,517,212,238,351,74,563,329,220,291,356,472,91,262,292,41,439
None,48.93,0.0,1.0,110.52651851028502,1470,43.03039726667435,0.0006744992278971733,0.21110299488677867,0.12655800575263662,-6.27185590252835,1728919887.8386478,None,0,39616878,37842228,40584821,31608319,50980,159856,43537,77856,517,215,239,351,74,563,330,223,291,356,472,91,262,292,41,439
None,48.93,0.0,1.0,110.52651851028502,1480,43.13896849611087,0.0006762010762434235,0.21309090909090908,0.12631578947368421,-6.354293585016232,1728919891.0494318,None,0,39616878,37842228,40584821,31608319,50980,159856,43537,77856,518,218,239,352,75,564,330,224,291,357,472,91,262,293,41,441
None,48.93,0.0,1.0,110.52651851028502,1490,43.238492123094346,0.000677761103894153,0.2139231327048586,0.12702960840496658,-6.445784214002439,1728919894.2721753,None,0,39616878,37842228,40584821,31608319,50980,159856,43537,77856,518,219,240,352,76,566,331,225,292,357,472,92,263,293,41,442
None,48.93,0.0,1.0,110.52651851028502,1500,43.29277773781261,0.000678612028067278,0.21547360809833696,0.12702960840496658,-6.516669650836696,1728919897.4922776,None,0,39616878,37842228,40584821,31608319,50980,159856,43537,77856,518,222,240,353,76,567,331,225,292,357,472,92,263,294,41,442
None,48.93,0.0,1.0,110.52651851028502,1510,43.374206159889994,0.0006798884143269657,0.21645021645021645,0.12774070543374644,-6.611137048701598,1728919900.7148023,None,0,39616878,37842228,40584821,31608319,50980,159856,43537,77856,518,224,241,354,76,568,331,225,292,359,473,93,263,294,41,442
None,48.93,0.0,1.0,110.52651851028502,1520,43.4375393770613,0.0006808811591956117,0.21685878962536023,0.12737642585551331,-6.61529818325864,1728919903.9232335,None,0,39616878,37842228,40584821,31608319,50980,159856,43537,77856,519,225,241,354,76,568,331,225,292,360,473,93,263,295,41,445
None,48.93,0.0,1.0,110.52651851028502,1530,43.500872594232604,0.0006818739040642576,0.21726618705035972,0.12701421800947868,-6.61945302425453,1728919907.1318433,None,0,39616878,37842228,40584821,31608319,50980,159856,43537,77856,519,226,242,354,76,569,331,225,293,360,473,93,263,295,41,448
None,48.93,0.0,1.0,110.52651851028502,1540,43.58230101630999,0.0006831502903239453,0.21839080459770116,0.1268939393939394,-6.669750424886063,1728919910.3457265,None,0,39616878,37842228,40584821,31608319,50980,159856,43537,77856,519,228,242,355,76,569,331,225,293,362,474,93,264,297,41,448
None,48.93,0.0,1.0,110.52651851028502,1550,43.67277704084043,0.0006845684972791538,0.21975662133142448,0.1268939393939394,-6.738288045628697,1728919913.5575063,None,0,39616878,37842228,40584821,31608319,50980,159856,43537,77856,519,230,242,355,77,571,332,226,293,363,474,93,265,298,41,448
None,48.93,0.0,1.0,110.52651851028502,1560,43.736110258011735,0.0006855612421477998,0.22055674518201285,0.12771996215704826,-6.830151367927935,1728919916.768146,None,0,39616878,37842228,40584821,31608319,50980,159856,43537,77856,519,232,242,356,77,573,332,226,293,363,474,94,265,299,41,448
None,48.93,0.0,1.0,110.52651851028502,1570,43.80849107763608,0.0006866958077119666,0.22039942938659057,0.1275992438563327,-6.8278452436423,1728919919.9784074,None,0,39616878,37842228,40584821,31608319,50980,159856,43537,77856,519,232,243,357,77,574,333,227,293,363,475,94,266,300,41,448
None,48.93,0.0,1.0,110.52651851028502,1580,43.844681487448256,0.00068726309049405,0.2207977207977208,0.12842304060434373,-6.899374904748978,1728919923.180794,None,0,39616878,37842228,40584821,31608319,50980,159856,43537,77856,520,233,243,357,77,574,333,228,293,363,475,94,266,300,42,448
None,48.93,0.0,1.0,110.52651851028502,1590,43.953252716884776,0.0006889649388403002,0.221119773210489,0.12900188323917136,-6.964423431398558,1728919926.4123309,None,0,39616878,37842228,40584821,31608319,50980,159856,43537,77856,520,234,243,357,78,579,333,228,293,364,477,94,267,300,43,448
None,48.93,0.0,1.0,110.52651851028502,1600,44.00753833160303,0.0006898158630134254,0.2208067940552017,0.13063909774436092,-7.059387031815301,1728919929.6101844,None,0,39616878,37842228,40584821,31608319,50980,159856,43537,77856,521,234,244,357,78,580,333,228,293,364,477,96,267,301,43,448
None,48.93,0.0,1.0,110.52651851028502,1610,44.04372874141521,0.0006903831457955087,0.2208067940552017,0.13063909774436092,-7.0651924487822555,1728919932.8466537,None,0,39616878,37842228,40584821,31608319,50980,159856,43537,77856,521,234,244,357,78,580,333,230,293,365,477,96,268,301,43,448
None,48.93,0.0,1.0,110.52651851028502,1620,44.143252368398684,0.0006919431734462382,0.22065063649222066,0.13051643192488263,-7.067479719855738,1728919936.055018,None,0,39616878,37842228,40584821,31608319,50980,159856,43537,77856,521,234,245,358,78,581,334,231,294,366,477,96,270,302,43,449
None,48.93,0.0,1.0,110.52651851028502,1630,44.251823597835205,0.0006936450217924884,0.22120141342756183,0.13189897100093545,-7.190443506517333,1728919939.30125,None,0,39616878,37842228,40584821,31608319,50980,159856,43537,77856,521,235,245,358,78,581,334,232,294,368,478,97,270,306,44,450
None,48.93,0.0,1.0,110.52651851028502,1640,44.34229962236564,0.0006950632287476969,0.22175141242937854,0.13314711359404097,-7.3022694012664155,1728919942.525197,None,0,39616878,37842228,40584821,31608319,50980,159856,43537,77856,521,235,245,359,79,581,334,232,295,369,480,97,270,307,46,451
None,48.93,0.0,1.0,110.52651851028502,1650,44.42372804444303,0.0006963396150073846,0.22339675828047922,0.13395348837209303,-7.429943146351049,1728919945.76251,None,0,39616878,37842228,40584821,31608319,50980,159856,43537,77856,521,236,245,360,81,581,334,233,295,370,480,98,270,309,46,451
None,48.93,0.0,1.0,110.52651851028502,1660,44.57753728614477,0.000698750566831239,0.22424667133847231,0.13463324048282266,-7.530386304260676,1728919949.085849,None,0,39616878,37842228,40584821,31608319,50980,159856,43537,77856,523,238,245,360,82,584,334,234,296,373,480,99,270,311,46,452
None,48.93,0.0,1.0,110.52651851028502,1670,44.622775298409984,0.0006994596703088433,0.22408963585434175,0.13463324048282266,-7.531752603066264,1728919952.298305,None,0,39616878,37842228,40584821,31608319,50980,159856,43537,77856,524,238,245,360,82,584,334,236,297,373,480,99,270,312,46,452
None,48.93,0.0,1.0,110.52651851028502,1680,44.69515611803433,0.0007005942358730102,0.2255586592178771,0.13463324048282266,-7.602593458655832,1728919955.5007246,None,0,39616878,37842228,40584821,31608319,50980,159856,43537,77856,524,240,245,360,83,585,334,236,299,374,480,99,270,313,46,452
None,48.93,0.0,1.0,110.52651851028502,1690,44.74039413029955,0.0007013033393506144,0.22578397212543555,0.13463324048282266,-7.619253678866059,1728919958.7232776,None,0,39616878,37842228,40584821,31608319,50980,159856,43537,77856,524,240,246,360,84,587,334,237,299,374,480,99,270,313,46,452
None,48.93,0.0,1.0,110.52651851028502,1700,44.88515576954824,0.000703572470478948,0.2267037552155772,0.13598519888991675,-7.761717490816259,1728919961.9409451,None,0,39616878,37842228,40584821,31608319,50980,159856,43537,77856,524,241,247,361,85,588,334,238,301,376,480,101,271,314,46,454
None,48.93,0.0,1.0,110.52651851028502,1710,44.966584191625635,0.0007048488567386357,0.22692574600971546,0.13665743305632502,-7.824885146956945,1728919965.153895,None,0,39616878,37842228,40584821,31608319,50980,159856,43537,77856,524,242,247,361,85,590,335,238,303,377,480,102,271,314,46,455
None,48.93,0.0,1.0,110.52651851028502,1720,45.1475362406865,0.0007076852706490528,0.22981366459627328,0.13732718894009216,-8.011029999488848,1728919968.3737566,None,0,39616878,37842228,40584821,31608319,50980,159856,43537,77856,524,247,249,364,86,592,335,238,303,379,481,103,272,316,46,455
None,48.93,0.0,1.0,110.52651851028502,1730,45.265155072576064,0.0007095289396908238,0.23124569855471439,0.13720073664825047,-8.080669967717979,1728919971.5922375,None,0,39616878,37842228,40584821,31608319,50980,159856,43537,77856,524,250,249,365,86,593,335,239,303,382,481,103,274,317,46,456
None,48.93,0.0,1.0,110.52651851028502,1740,45.31039308484128,0.0007102380431684281,0.23124569855471439,0.13682277318640956,-8.06601110434938,1728919974.8062787,None,0,39616878,37842228,40584821,31608319,50980,159856,43537,77856,524,250,249,366,86,593,336,239,303,382,483,103,274,317,46,457
None,48.93,0.0,1.0,110.52651851028502,1750,45.4189643142778,0.0007119398915146784,0.23235092529129542,0.13736263736263737,-8.161264172741564,1728919978.0262823,None,0,39616878,37842228,40584821,31608319,50980,159856,43537,77856,524,253,249,367,86,596,336,239,303,382,484,104,274,319,46,458
None,48.93,0.0,1.0,110.52651851028502,1760,45.51848794126128,0.0007134999191654077,0.2321917808219178,0.13777372262773724,-8.19767736743239,1728919981.2319963,None,0,39616878,37842228,40584821,31608319,50980,159856,43537,77856,525,253,250,369,86,596,336,239,304,384,484,105,274,319,46,461
None,48.93,0.0,1.0,110.52651851028502,1770,45.59991636333867,0.0007147763054250953,0.23376623376623376,0.1384335154826958,-8.313793187184057,1728919984.443831,None,0,39616878,37842228,40584821,31608319,50980,159856,43537,77856,525,254,250,370,88,596,336,239,304,385,484,105,275,320,47,462
None,48.93,0.0,1.0,110.52651851028502,1780,45.672297182963014,0.0007159108709892622,0.23328785811732605,0.13830755232029118,-8.300668686161014,1728919987.6539464,None,0,39616878,37842228,40584821,31608319,50980,159856,43537,77856,528,254,250,372,88,596,336,239,304,387,485,105,275,320,47,462
None,48.93,0.0,1.0,110.52651851028502,1790,45.71753519522823,0.0007166199744668664,0.23485364193328795,0.13830755232029118,-8.37010418001606,1728919990.8945367,None,0,39616878,37842228,40584821,31608319,50980,159856,43537,77856,528,256,250,372,89,596,336,239,305,387,485,105,275,321,47,462
None,48.93,0.0,1.0,110.52651851028502,1800,45.798963617305624,0.0007178963607265541,0.23625254582484725,0.14065335753176045,-8.58043579407686,1728919994.1039116,None,0,39616878,37842228,40584821,31608319,50980,159856,43537,77856,528,259,250,373,89,597,336,239,305,387,485,107,276,321,48,462
None,48.93,0.0,1.0,110.52651851028502,1810,45.907534846742145,0.0007195982090728043,0.236449864498645,0.1403985507246377,-8.593159312343648,1728919997.3312173,None,0,39616878,37842228,40584821,31608319,50980,159856,43537,77856,528,260,250,374,89,599,336,240,306,390,486,107,276,322,48,463
None,48.93,0.0,1.0,110.52651851028502,1820,45.979915666366495,0.0007207327746369712,0.23664638269100743,0.14027149321266968,-8.606706755160097,1728920000.5427828,None,0,39616878,37842228,40584821,31608319,50980,159856,43537,77856,530,261,250,374,89,599,339,240,306,390,486,107,276,323,48,464
None,48.93,0.0,1.0,110.52651851028502,1830,46.034201281084755,0.0007215836988100963,0.23751686909581646,0.14027149321266968,-8.65065189262153,1728920003.7619996,None,0,39616878,37842228,40584821,31608319,50980,159856,43537,77856,530,263,251,374,89,600,339,240,306,391,486,107,276,324,48,464
None,48.93,0.0,1.0,110.52651851028502,1840,46.11562970316214,0.000722860085069784,0.23822341857335128,0.14182475158084915,-8.786668660141125,1728920006.9801404,None,0,39616878,37842228,40584821,31608319,50980,159856,43537,77856,530,265,251,375,89,602,339,240,306,392,486,107,276,325,50,464
None,48.93,0.0,1.0,110.52651851028502,1850,46.16086771542736,0.0007235691885473882,0.23873570948217887,0.1424706943192065,-8.853756504057538,1728920010.1947215,None,0,39616878,37842228,40584821,31608319,50980,159856,43537,77856,530,265,252,375,90,602,339,240,307,392,486,108,276,325,50,465
None,48.93,0.0,1.0,110.52651851028502,1860,46.26943894486388,0.0007252710368936384,0.23908663532572197,0.14324324324324325,-8.93435196643924,1728920013.4193132,None,0,39616878,37842228,40584821,31608319,50980,159856,43537,77856,531,265,252,376,91,602,341,241,308,394,486,109,276,327,50,465
None,48.93,0.0,1.0,110.52651851028502,1870,46.314676957129095,0.0007259801403712427,0.23943661971830985,0.14324324324324325,-8.956612384040692,1728920016.665326,None,0,39616878,37842228,40584821,31608319,50980,159856,43537,77856,531,265,253,376,92,603,342,241,308,394,486,109,276,328,50,465
None,48.93,0.0,1.0,110.52651851028502,1880,46.46848619883083,0.0007283910921950972,0.23965287049399198,0.1452914798206278,-9.116959941231029,1728920019.8858662,None,0,39616878,37842228,40584821,31608319,50980,159856,43537,77856,532,267,253,376,92,607,342,244,309,395,487,112,276,328,50,466
None,48.93,0.0,1.0,110.52651851028502,1890,46.568009825814315,0.0007299511198458266,0.24101198402130491,0.1468218442256043,-9.279807887811412,1728920023.1030595,None,0,39616878,37842228,40584821,31608319,50980,159856,43537,77856,532,268,253,376,94,608,342,245,310,397,487,114,276,329,50,466
None,48.93,0.0,1.0,110.52651851028502,1900,46.64039064543866,0.0007310856854099933,0.24169986719787517,0.14669051878354203,-9.312958971814796,1728920026.3195093,None,0,39616878,37842228,40584821,31608319,50980,159856,43537,77856,533,269,253,376,95,609,342,246,310,398,488,114,276,330,50,466
None,48.93,0.0,1.0,110.52651851028502,1910,46.77610468223431,0.0007332129958428061,0.2423841059602649,0.14732142857142858,-9.40384287456671,1728920029.5221329,None,0,39616878,37842228,40584821,31608319,50980,159856,43537,77856,534,270,253,376,96,610,342,248,311,402,488,115,276,332,50,467
None,48.93,0.0,1.0,110.52651851028502,1920,46.83943789940562,0.0007342057407114521,0.24256444150693984,0.1480820695807315,-9.468562143423192,1728920032.75861,None,0,39616878,37842228,40584821,31608319,50980,159856,43537,77856,535,271,254,376,96,611,342,249,311,403,488,115,276,332,51,467
None,48.93,0.0,1.0,110.52651851028502,1930,46.92991392393605,0.0007356239476666607,0.24308300395256918,0.1495992876224399,-9.596377556234005,1728920036.0234292,None,0,39616878,37842228,40584821,31608319,50980,159856,43537,77856,535,273,254,376,96,614,342,249,311,404,488,117,276,334,51,467
None,48.93,0.0,1.0,110.52651851028502,1940,47.02038994846648,0.0007370421546218692,0.2442547603414314,0.15022222222222223,-9.696559562251307,1728920039.24713,None,0,39616878,37842228,40584821,31608319,50980,159856,43537,77856,535,275,254,376,97,616,342,249,312,405,488,118,277,334,51,468
None,48.93,0.0,1.0,110.52651851028502,1950,47.156103985262135,0.000739169465054682,0.24525833878351863,0.15084294587400177,-9.799549252697274,1728920042.467537,None,0,39616878,37842228,40584821,31608319,50980,159856,43537,77856,535,277,254,377,98,619,342,249,314,406,489,119,277,337,51,468
None,48.93,0.0,1.0,110.52651851028502,1960,47.22848480488648,0.0007403040306188487,0.2454308093994778,0.15070921985815602,-9.813317935094616,1728920045.6873453,None,0,39616878,37842228,40584821,31608319,50980,159856,43537,77856,537,278,254,377,98,619,343,249,314,407,490,119,278,338,51,468
None,48.93,0.0,1.0,110.52651851028502,1970,47.34610363677604,0.0007421476996606199,0.24658425504229017,0.15221238938053097,-9.970343773012457,1728920048.904923,None,0,39616878,37842228,40584821,31608319,50980,159856,43537,77856,537,280,254,378,99,621,343,250,315,410,490,120,278,338,52,468
None,48.93,0.0,1.0,110.52651851028502,1980,47.454674866212564,0.0007438495480068701,0.2472420506164828,0.1519434628975265,-10.002498047014182,1728920052.117124,None,0,39616878,37842228,40584821,31608319,50980,159856,43537,77856,538,282,254,378,99,622,344,250,318,411,490,120,278,339,52,470
None,48.93,0.0,1.0,110.52651851028502,1990,47.545150890742995,0.0007452677549620786,0.24935400516795866,0.1519434628975265,-10.101803343721011,1728920055.3355446,None,0,39616878,37842228,40584821,31608319,50980,159856,43537,77856,539,286,254,378,100,623,345,250,319,411,490,120,278,340,52,470
